date,close
1514903400,158.49
1514989800,160.03
1515076200,160.31
1515162600,161.92
1515421800,162.55
1515508200,162.56
1515594600,162.18
1515681000,163.29
1515767400,164.49
1516113000,164.02
1516199400,165.79
1516285800,165.82
1516372200,166.34
1516631400,168.12
1516717800,169.51
1516804200,168.41
1516890600,168.35
1516977000,170.93
1517236200,170.10
1517322600,168.70
1517409000,169.40
1517495400,167.96
1517581800,164.61
1517841000,158.12
1517927400,162.31
1518013800,160.21
1518100200,153.45
1518186600,156.10
1518445800,158.87
1518532200,159.69
1518618600,162.68
1518705000,165.70
1518791400,164.96
1519137000,165.29
1519223400,164.82
1519309800,164.80
1519396200,168.17
1519655400,170.40
1519741800,168.29
1519828200,167.21
1519914600,164.48
1520001000,165.99
1520260200,167.83
1520346600,168.54
1520433000,168.93
1520519400,169.86
1520605800,173.16
1520861400,174.08
1520947800,171.71
1521034200,171.68
1521120600,171.53
1521207000,171.02
1521466200,167.10
1521552600,167.65
1521639000,166.92
1521725400,162.80
1521811800,158.51
1522071000,164.40
1522157400,159.08
1522243800,157.25
1522330200,160.13
1522675800,155.51
1522762200,157.26
1522848600,159.74
1522935000,160.65
1523021400,156.63
1523280600,157.73
1523367000,161.21
1523453400,160.28
1523539800,162.21
1523626200,161.37
1523885400,162.60
1523971800,166.10
1524058200,166.44
1524144600,164.91
1524231000,162.30
1524490200,161.89
1524576600,158.46
1524663000,158.65
1524749400,161.99
1524835800,162.09
1525095000,160.94
1525181400,162.78
1525267800,161.82
1525354200,161.80
1525440600,164.87
1525699800,166.24
1525786200,166.07
1525872600,167.88
1525959000,169.62
1526045400,169.46
1526304600,169.75
1526391000,167.87
1526477400,168.98
1526563800,168.33
1526650200,167.46
1526909400,168.40
1526995800,168.18
1527082200,169.60
1527168600,169.55
1527255000,169.72
1527600600,168.97
1527687000,170.18
1527773400,170.07
1527859800,172.74
1528119000,174.30
1528205400,174.84
1528291800,175.86
1528378200,174.43
1528464600,174.44
1528723800,174.91
1528810200,175.83
1528896600,175.82
1528983000,177.60
1529069400,176.98
1529328600,176.50
1529415000,176.00
1529501400,177.25
1529587800,175.71
1529674200,175.32
1529933400,171.37
1530019800,172.07
1530106200,169.73
1530192600,171.19
1530279000,171.65
1530538200,172.80
1530624600,170.80
1530797400,172.92
1530883800,175.61
1531143000,177.19
1531229400,177.32
1531315800,176.42
1531402200,179.46
1531488600,179.61
1531747800,179.18
1531834200,180.27
1531920600,179.93
1532007000,179.03
1532093400,178.99
1532352600,179.56
1532439000,180.30
1532525400,182.82
1532611800,180.05
1532698200,177.62
1532957400,175.11
1533043800,176.45
1533130200,177.12
1533216600,179.53
1533303000,180.08
1533562200,181.14
1533648600,181.80
1533735000,182.02
1533821400,181.91
1533907800,180.52
1534167000,180.32
1534253400,181.45
1534339800,179.23
1534426200,179.82
1534512600,179.86
1534771800,179.70
1534858200,180.36
1534944600,181.06
1535031000,180.80
1535117400,182.48
1535376600,184.34
1535463000,184.61
1535549400,186.74
1535635800,186.41
1535722200,186.65
1536067800,185.85
1536154200,183.45
1536240600,181.81
1536327000,181.11
1536586200,181.72
1536672600,183.12
1536759000,182.58
1536845400,184.53
1536931800,183.99
1537191000,181.34
1537277400,182.84
1537363800,182.70
1537450200,184.72
1537536600,183.71
1537795800,183.89
1537882200,184.14
1537968600,184.27
1538055000,185.83
1538141400,185.79
1538400600,186.17
1538487000,185.75
1538573400,185.95
1538659800,182.38
1538746200,180.15
1539005400,179.05
1539091800,179.63
1539178200,171.73
1539264600,169.60
1539351000,174.32
1539610200,172.21
1539696600,177.22
1539783000,177.29
1539869400,173.18
1539955800,173.02
1540215000,173.91
1540301400,173.27
1540387800,165.34
1540474200,171.06
1540560600,166.66
1540819800,163.23
1540906200,165.92
1540992600,169.82
1541079000,172.06
1541165400,169.38
1541428200,168.96
1541514600,170.24
1541601000,175.58
1541687400,174.46
1541773800,171.52
1542033000,166.33
1542119400,166.47
1542205800,165.20
1542292200,168.09
1542378600,167.50
1542637800,162.06
1542724200,159.16
1542810600,160.37
1542983400,159.21
1543242600,162.89
1543329000,163.44
1543415400,168.70
1543501800,168.15
1543588200,169.37
1543847400,172.33
1543933800,165.72
1544106600,166.89
1544193000,161.38
1544452200,163.07
1544538600,163.61
1544625000,165.05
1544711400,165.10
1544797800,161.08
1545057000,157.43
1545143400,158.42
1545229800,154.53
1545316200,152.29
1545402600,147.57
1545661800,143.50
1545834600,152.46
1545921000,153.05
1546007400,152.97
1546266600,154.26
1546439400,154.88
1546525800,149.82
1546612200,156.23
1546871400,158.09
1546957800,159.52
1547044200,160.82
1547130600,161.28
1547217000,160.69
1547476200,159.27
1547562600,162.38
1547649000,162.35
1547735400,163.63
1547821800,165.25
1548167400,161.94
1548253800,162.15
1548340200,163.20
1548426600,165.15
1548685800,163.11
1548772200,161.57
1548858600,165.68
1548945000,168.16
1549031400,167.45
1549290600,169.53
1549377000,171.03
1549463400,170.52
1549549800,168.23
1549636200,168.56
1549895400,168.40
1549981800,170.89
1550068200,171.01
1550154600,171.22
1550241000,171.94
1550586600,172.28
1550673000,172.25
1550759400,171.62
1550845800,172.89
1551105000,173.52
1551191400,173.70
1551277800,173.59
1551364200,173.19
1551450600,174.39
1551709800,174.42
1551796200,174.55
1551882600,173.56
1551969000,171.43
1552055400,171.17
1552311000,174.73
1552397400,175.69
1552483800,177.01
1552570200,176.71
1552656600,178.35
1552915800,178.45
1553002200,179.05
1553088600,179.76
1553175000,182.57
1553261400,178.56
1553520600,178.22
1553607000,179.05
1553693400,177.90
1553779800,178.31
1553866200,179.66
1554125400,182.04
1554211800,182.73
1554298200,183.78
1554384600,183.71
1554471000,184.66
1554730200,185.13
1554816600,184.48
1554903000,185.47
1554989400,185.03
1555075800,185.83
1555335000,185.86
1555421400,186.50
1555507800,187.15
1555594200,187.39
1555939800,187.92
1556026200,190.31
1556112600,189.71
1556199000,190.48
1556285400,190.65
1556544600,191.02
1556631000,189.54
1556717400,188.93
1556803800,188.11
1556890200,191.11
1557149400,189.94
1557235800,186.24
1557322200,185.77
1557408600,184.77
1557495000,185.00
1557754200,178.58
1557840600,180.54
1557927000,183.09
1558013400,184.93
1558099800,183.04
1558359000,179.95
1558445400,181.83
1558531800,181.02
1558618200,178.25
1558704600,178.16
1559050200,177.49
1559136600,176.03
1559223000,176.77
1559309400,173.95
1559568600,170.12
1559655000,174.91
1559741400,176.21
1559827800,177.61
1559914200,181.04
1560173400,183.15
1560259800,183.40
1560346200,182.34
1560432600,183.42
1560519000,182.64
1560778200,183.74
1560864600,186.41
1560951000,187.11
1561037400,188.85
1561123800,188.57
1561383000,188.16
1561469400,184.93
1561555800,185.79
1561642200,186.50
1561728600,186.74
1561987800,189.26
1562074200,190.01
1562160600,191.44
1562333400,191.05
1562592600,189.71
1562679000,190.66
1562765400,192.56
1562851800,192.42
1562938200,193.53
1563197400,194.15
1563283800,193.15
1563370200,192.20
1563456600,192.42
1563543000,191.01
1563802200,192.53
1563888600,193.79
1563975000,195.15
1564061400,193.30
1564147800,195.29
1564407000,194.62
1564493400,193.78
1564579800,191.10
1564666200,190.15
1564752600,187.35
1565011800,180.73
1565098200,183.26
1565184600,184.25
1565271000,188.26
1565357400,186.49
1565616600,184.35
1565703000,188.39
1565789400,182.76
1565875800,182.55
1565962200,185.48
1566221400,188.43
1566307800,186.97
1566394200,188.63
1566480600,188.02
1566567000,182.07
1566826200,184.82
1566912600,184.43
1566999000,185.09
1567085400,187.92
1567171800,187.47
1567517400,185.65
1567603800,188.33
1567690200,191.78
1567776600,191.59
1568035800,191.19
1568122200,190.64
1568208600,192.43
1568295000,193.23
1568381400,192.54
1568640600,191.68
1568727000,192.60
1568813400,192.52
1568899800,192.84
1568986200,190.80
1569245400,190.50
1569331800,187.97
1569418200,190.08
1569504600,189.38
1569591000,187.03
1569850200,188.81
1569936600,187.27
1570023000,184.05
1570109400,186.07
1570195800,188.81
1570455000,188.24
1570541400,185.42
1570627800,187.23
1570714200,188.68
1570800600,191.11
1571059800,191.09
1571146200,193.52
1571232600,193.04
1571319000,193.55
1571405400,191.69
1571664600,193.39
1571751000,191.85
1571837400,192.22
1571923800,194.09
1572010200,195.64
1572269400,197.57
1572355800,196.04
1572442200,196.99
1572528600,197.08
1572615000,198.87
1572877800,200.10
1572964200,200.21
1573050600,199.76
1573137000,200.43
1573223400,201.23
1573482600,200.96
1573569000,201.54
1573655400,201.59
1573741800,201.43
1573828200,202.91
1574087400,203.07
1574173800,203.37
1574260200,202.15
1574346600,201.70
1574433000,201.83
1574692200,204.22
1574778600,204.61
1574865000,206.04
1575037800,205.10
1575297000,203.00
1575383400,201.41
1575469800,202.43
1575556200,202.83
1575642600,205.00
1575901800,204.07
1575988200,203.90
1576074600,204.98
1576161000,206.51
1576247400,207.19
1576506600,209.27
1576593000,209.39
1576679400,209.55
1576765800,210.86
1576852200,211.71
1577111400,211.81
1577197800,211.92
1577370600,213.79
1577457000,213.61
1577716200,212.21
1577802600,212.61
1577975400,216.16
1578061800,214.18
1578321000,215.56
1578407400,215.53
1578493800,217.15
1578580200,218.99
1578666600,218.43
1578925800,220.95
1579012200,220.08
1579098600,220.17
1579185000,222.28
1579271400,223.38
1579617000,223.28
1579703400,223.87
1579789800,224.59
1579876200,222.70
1580135400,218.10
1580221800,221.45
1580308200,221.81
1580394600,222.60
1580481000,219.07
1580740200,222.38
1580826600,227.47
1580913000,228.22
1580999400,230.19
1581085800,229.20
1581345000,231.97
1581431400,232.01
1581517800,234.27
1581604200,233.97
1581690600,234.64
1582036200,234.73
1582122600,236.98
1582209000,234.78
1582295400,230.27
1582554600,221.39
1582641000,215.37
1582727400,216.48
1582813800,205.64
1582900200,205.80
1583159400,216.42
1583245800,209.48
1583332200,218.22
1583418600,211.59
1583505000,208.02
1583760600,193.57
1583847000,204.11
1583933400,195.22
1584019800,177.32
1584106200,192.34
1584365400,169.30
1584451800,182.14
1584538200,176.60
1584624600,177.66
1584711000,170.70
1584970200,170.46
1585056600,183.66
1585143000,182.30
1585229400,191.90
1585315800,185.30
1585575000,192.04
1585661400,190.40
1585747800,182.31
1585834200,186.01
1585920600,183.37
1586179800,196.48
1586266200,196.40
1586352600,200.57
1586439000,200.86
1586784600,203.03
1586871000,211.86
1586957400,209.43
1587043800,213.25
1587130200,215.29
1587389400,212.74
1587475800,204.89
1587562200,210.97
1587648600,210.52
1587735000,213.84
1587994200,215.56
1588080600,211.50
1588167000,219.00
1588253400,218.91
1588339800,212.74
1588599000,215.22
1588685400,217.66
1588771800,219.00
1588858200,221.82
1588944600,224.86
1589203800,226.87
1589290200,222.12
1589376600,219.34
1589463000,221.83
1589549400,223.27
1589808600,227.43
1589895000,226.86
1589981400,231.39
1590067800,228.87
1590154200,229.66
1590499800,229.04
1590586200,230.29
1590672600,229.99
1590759000,233.36
1591018200,234.06
1591104600,235.63
1591191000,236.69
1591277400,235.03
1591363800,239.69
1591623000,241.55
1591709400,243.30
1591795800,246.22
1591882200,234.02
1591968600,235.88
1592227800,238.75
1592314200,242.85
1592400600,243.62
1592487000,244.28
1592573400,244.24
1592832600,246.74
1592919000,248.84
1593005400,243.71
1593091800,246.03
1593178200,240.22
1593437400,242.84
1593523800,247.60
1593610200,250.49
1593696600,252.19
1594042200,258.39
1594128600,256.61
1594215000,259.99
1594301400,262.18
1594387800,263.97
1594647000,258.54
1594733400,260.37
1594819800,260.90
1594906200,259.12
1594992600,259.42
1595251800,266.78
1595338200,264.00
1595424600,264.93
1595511000,258.01
1595597400,255.56
1595856600,260.12
1595943000,256.81
1596029400,259.77
1596115800,261.13
1596202200,265.79
1596461400,269.38
1596547800,270.38
1596634200,271.05
1596720600,274.64
1596807000,271.47
1597066200,270.31
1597152600,265.19
1597239000,271.86
1597325400,272.48
1597411800,272.16
1597671000,275.32
1597757400,277.97
1597843800,276.10
1597930200,279.93
1598016600,281.87
1598275800,283.63
1598362200,285.86
1598448600,291.96
1598535000,291.05
1598621400,292.53
1598880600,294.88
1598967000,299.92
1599053400,302.76
1599139800,287.41
1599226200,283.58
1599571800,269.95
1599658200,277.88
1599744600,272.34
1599831000,270.45
1600090200,275.16
1600176600,279.06
1600263000,274.61
1600349400,270.32
1600435800,266.87
1600695000,267.51
1600781400,272.48
1600867800,264.16
1600954200,265.39
1601040600,271.56
1601299800,277.20
1601386200,275.95
1601472600,277.84
1601559000,282.25
1601645400,274.31
1601904600,280.16
1601991000,275.16
1602077400,279.92
1602163800,281.41
1602250200,285.71
1602509400,294.53
1602595800,294.52
1602682200,292.06
1602768600,290.10
1602855000,288.51
1603114200,283.80
1603200600,284.41
1603287000,284.19
1603373400,284.18
1603459800,284.74
1603719000,280.47
1603805400,282.66
1603891800,271.64
1603978200,276.39
1604064600,269.38
1604327400,269.98
1604413800,274.65
1604500200,286.91
1604586600,294.39
1604673000,294.61
1604932200,288.59
1605018600,283.42
1605105000,289.76
1605191400,288.40
1605277800,290.93
1605537000,293.20
1605623400,292.27
1605709800,290.11
1605796200,292.38
1605882600,290.38
1606141800,290.39
1606228200,294.47
1606314600,296.28
1606487400,299.01
1606746600,299.62
1606833000,303.46
1606919400,303.85
1607005800,304.28
1607092200,305.52
1607351400,307.25
1607437800,308.29
1607524200,301.31
1607610600,302.52
1607697000,301.85
1607956200,304.04
1608042600,307.29
1608129000,308.98
1608215400,311.00
1608301800,310.06
1608561000,308.92
1608647400,309.76
1608733800,308.20
1608820200,309.56
1609165800,312.68
1609252200,312.96
1609338600,312.97
1609425000,313.74
1609770600,309.31
1609857000,311.86
1609943400,307.54
1610029800,314.98
1610116200,319.03
1610375400,314.42
1610461800,313.92
1610548200,316.04
1610634600,314.35
1610721000,311.86
1611066600,316.41
1611153000,323.77
1611239400,326.36
1611325800,325.42
1611585000,328.11
1611671400,328.59
1611757800,319.43
1611844200,321.32
1611930600,314.56
1612189800,322.42
1612276200,327.68
1612362600,326.38
1612449000,330.24
1612535400,331.36
1612794600,333.58
1612881000,333.51
1612967400,332.75
1613053800,334.58
1613140200,336.45
1613485800,335.54
1613572200,333.93
1613658600,332.47
1613745000,331.02
1614004200,322.44
1614090600,321.48
1614177000,324.13
1614263400,312.83
1614349800,314.14
1614609000,323.59
1614695400,318.40
1614781800,309.16
1614868200,304.10
1614954600,308.68
1615213800,299.94
1615300200,311.77
1615386600,310.88
1615473000,318.04
1615559400,315.46
1615815000,318.83
1615901400,320.58
1615987800,321.90
1616074200,312.04
1616160600,313.14
1616419800,318.61
1616506200,317.22
1616592600,311.87
1616679000,311.33
1616765400,316.00
1617024600,315.91
1617111000,314.32
1617197400,319.13
1617283800,324.57
1617629400,331.05
1617715800,330.82
1617802200,331.62
1617888600,335.08
1617975000,337.11
1618234200,336.67
1618320600,340.60
1618407000,336.51
1618493400,341.61
1618579800,342.01
1618839000,338.88
1618925400,336.41
1619011800,339.29
1619098200,335.20
1619184600,339.42
1619443800,341.63
1619530200,340.15
1619616600,339.00
1619703000,340.22
1619789400,337.99
1620048600,336.19
1620135000,330.14
1620221400,329.03
1620307800,331.51
1620394200,334.20
1620653400,325.76
1620739800,325.31
1620826200,316.89
1620912600,319.34
1620999000,326.39
1621258200,324.41
1621344600,322.22
1621431000,322.59
1621517400,328.83
1621603800,327.01
1621863000,332.51
1621949400,332.97
1622035800,334.13
1622122200,332.88
1622208600,333.93
1622554200,332.82
1622640600,333.47
1622727000,330.00
1622813400,335.60
1623072600,336.60
1623159000,336.76
1623245400,336.84
1623331800,340.35
1623418200,341.24
1623677400,344.51
1623763800,342.26
1623850200,341.01
1623936600,345.34
1624023000,342.63
1624282200,344.36
1624368600,347.57
1624455000,347.74
1624541400,349.89
1624627800,349.46
1624887000,353.71
1624973400,354.99
1625059800,354.43
1625146200,354.57
1625232600,358.64
1625578200,360.19
1625664600,360.95
1625751000,358.77
1625837400,361.01
1626096600,362.42
1626183000,362.42
1626269400,363.07
1626355800,360.52
1626442200,357.60
1626701400,354.67
1626787800,358.79
1626874200,361.56
1626960600,363.95
1627047000,368.20
1627306200,368.49
1627392600,364.43
1627479000,365.83
1627565400,366.48
1627651800,364.57
1627911000,364.60
1627997400,366.81
1628083800,367.34
1628170200,369.67
1628256600,368.05
1628515800,368.73
1628602200,366.84
1628688600,366.21
1628775000,367.53
1628861400,368.82
1629120600,368.98
1629207000,365.73
1629293400,362.21
1629379800,363.96
1629466200,367.73
1629725400,373.23
1629811800,374.37
1629898200,374.80
1629984600,372.42
1630071000,376.04
1630330200,380.26
1630416600,379.95
1630503000,380.58
1630589400,380.40
1630675800,381.57
1631021400,382.11
1631107800,380.78
1631194200,379.47
1631280600,376.59
1631539800,376.33
1631626200,375.26
1631712600,378.05
1631799000,378.31
1631885400,373.83
1632144600,365.70
1632231000,366.15
1632317400,369.57
1632403800,372.98
1632490200,373.33
1632749400,370.35
1632835800,359.87
1632922200,359.28
1633008600,357.96
1633095000,360.18
1633354200,352.62
1633440600,357.38
1633527000,359.67
1633613400,362.97
1633699800,361.16
1633959000,358.39
1634045400,357.14
1634131800,360.00
1634218200,366.63
1634304600,368.94
1634563800,372.65
1634650200,375.47
1634736600,374.98
1634823000,377.27
1634909400,374.10
1635168600,377.93
1635255000,379.12
1635341400,380.00
1635427800,384.22
1635514200,386.11
1635773400,387.43
1635859800,389.05
1635946200,393.18
1636032600,398.22
1636119000,398.60
1636381800,398.06
1636468200,395.32
1636554600,389.51
1636641000,390.59
1636727400,394.70
1636986600,394.61
1637073000,397.42
1637159400,397.63
1637245800,401.75
1637332200,403.99
1637591400,399.30
1637677800,397.48
1637764200,398.76
1637937000,391.20
1638196200,399.69
1638282600,393.82
1638369000,387.12
1638455400,389.91
1638541800,383.13
1638801000,386.20
1638887400,397.83
1638973800,399.61
1639060200,393.73
1639146600,398.01
1639405800,392.26
1639492200,388.20
1639578600,397.05
1639665000,386.84
1639751400,384.91
1640010600,380.69
1640097000,389.21
1640183400,393.95
1640269800,396.92
1640615400,403.48
1640701800,401.61
1640788200,401.55
1640874600,400.35
1640961000,397.85
1641220200,401.68
1641306600,396.47
1641393000,384.29
1641479400,384.02
1641565800,379.86
1641825000,380.11
1641911400,385.82
1641997800,387.35
1642084200,377.66
1642170600,380.01
1642516200,370.55
1642602600,366.48
1642689000,361.72
1642775400,351.69
1643034600,353.30
1643121000,345.11
1643207400,344.57
1643293800,341.10
1643380200,351.80
1643639400,363.05
1643725800,365.52
1643812200,368.49
1643898600,353.55
1643985000,358.01
1644244200,355.13
1644330600,359.12
1644417000,366.73
1644503400,358.43
1644589800,347.06
1644849000,347.49
1644935400,356.13
1645021800,356.04
1645108200,345.45
1645194600,341.51
1645540200,338.08
1645626600,329.42
1645713000,340.49
1645799400,345.77
1646058600,346.80
1646145000,341.49
1646231400,347.22
1646317800,342.26
1646404200,337.30
1646663400,324.86
1646749800,323.35
1646836200,334.99
1646922600,331.27
1647009000,324.40
1647264600,318.17
1647351000,328.15
1647437400,340.32
1647523800,344.44
1647610200,351.49
1647869400,350.08
1647955800,356.96
1648042200,351.83
1648128600,359.65
1648215000,359.35
1648474200,364.91
1648560600,371.19
1648647000,367.09
1648733400,362.54
1648819800,361.85
1649079000,369.30
1649165400,361.10
1649251800,353.26
1649338200,354.10
1649424600,349.15
1649683800,340.89
1649770200,339.45
1649856600,346.35
1649943000,338.43
1650288600,338.69
1650375000,346.26
1650461400,341.21
1650547800,334.15
1650634200,325.40
1650893400,329.58
1650979800,317.14
1651066200,316.76
1651152600,328.01
1651239000,313.25
1651498200,318.48
1651584600,318.82
1651671000,329.60
1651757400,313.00
1651843800,309.25
1652103000,297.15
1652189400,300.76
1652275800,291.84
1652362200,291.15
1652448600,301.94
1652707800,298.44
1652794200,306.17
1652880600,291.14
1652967000,289.58
1653053400,288.68
1653312600,293.48
1653399000,287.24
1653485400,291.26
1653571800,299.33
1653658200,309.10
1654003800,308.28
1654090200,306.00
1654176600,314.38
1654263000,306.20
1654522200,307.22
1654608600,309.87
1654695000,307.64
1654781400,299.40
1654867800,288.84
1655127000,275.41
1655213400,275.91
1655299800,282.80
1655386200,271.39
1655472600,274.69
1655818200,281.08
1655904600,280.67
1655991000,284.85
1656077400,294.61
1656336600,292.45
1656423000,283.54
1656509400,283.80
1656595800,280.28
1656682200,282.13
1657027800,286.96
1657114200,288.80
1657200600,294.98
1657287000,295.35
1657546200,289.04
1657632600,286.24
1657719000,285.65
1657805400,286.67
1657891800,291.87
1658151000,289.40
1658237400,298.30
1658323800,303.03
1658410200,307.38
1658496600,301.99
1658755800,300.27
1658842200,294.37
1658928600,306.81
1659015000,309.81
1659101400,315.46
1659360600,315.27
1659447000,314.33
1659533400,322.89
1659619800,324.40
1659706200,321.75
1659965400,320.71
1660051800,317.08
1660138200,325.93
1660224600,324.08
1660311000,330.39
1660570200,333.06
1660656600,332.28
1660743000,328.49
1660829400,329.28
1660915800,322.86
1661175000,314.36
1661261400,314.10
1661347800,315.01
1661434200,320.58
1661520600,307.44
1661779800,304.41
1661866200,301.02
1661952600,299.27
1662039000,299.40
1662125400,295.17
1662471000,293.05
1662557400,298.97
1662643800,300.52
1662730200,307.09
1662989400,310.74
1663075800,293.70
1663162200,296.03
1663248600,291.10
1663335000,289.32
1663594200,291.05
1663680600,288.73
1663767000,283.56
1663853400,280.07
1663939800,275.51
1664199000,274.37
1664285400,274.48
1664371800,279.94
1664458200,271.87
1664544600,267.26
1664803800,273.53
1664890200,282.13
1664976600,281.98
1665063000,279.76
1665149400,269.10
1665408600,266.41
1665495000,262.75
1665581400,262.66
1665667800,268.82
1665754200,260.74
1666013400,269.35
1666099800,271.48
1666186200,270.49
1666272600,269.11
1666359000,275.42
1666618200,278.45
1666704600,284.21
1666791000,277.93
1666877400,272.87
1666963800,281.22
1667223000,277.95
1667309400,275.11
1667395800,265.68
1667482200,260.49
1667568600,264.68
1667831400,267.59
1667917800,269.54
1668004200,263.32
1668090600,282.75
1668177000,287.96
1668436200,285.44
1668522600,289.39
1668609000,285.44
1668695400,284.81
1668781800,284.82
1669041000,281.89
1669127400,285.95
1669213800,288.82
1669386600,286.92
1669645800,282.71
1669732200,280.57
1669818600,293.36
1669905000,293.72
1669991400,292.55
1670250600,287.64
1670337000,281.68
1670423400,280.53
1670509800,283.85
1670596200,282.04
1670855400,285.58
1670941800,288.65
1671028200,286.51
1671114600,276.89
1671201000,274.25
1671460200,269.75
1671546600,269.54
1671633000,273.45
1671719400,266.76
1671805800,267.36
1672151400,263.58
1672237800,260.10
1672324200,266.44
1672410600,266.28
1672756200,264.48
1672842600,265.74
1672929000,261.58
1673015400,268.80
1673274600,270.54
1673361000,272.83
1673447400,277.55
1673533800,279.05
1673620200,280.97
1673965800,281.54
1674052200,277.88
1674138600,275.15
1674225000,282.68
1674484200,288.96
1674570600,288.37
1674657000,287.73
1674743400,293.34
1674829800,296.26
1675089000,290.27
1675175400,294.62
1675261800,300.92
1675348200,311.72
1675434600,306.18
1675693800,303.59
1675780200,309.88
1675866600,304.37
1675953000,301.68
1676039400,299.70
1676298600,304.50
1676385000,306.75
1676471400,309.10
1676557800,303.30
1676644200,301.16
1676989800,294.03
1677076200,294.25
1677162600,296.82
1677249000,291.85
1677508200,293.94
1677594600,293.56
1677681000,291.20
1677767400,293.61
1677853800,299.68
1678113000,300.02
1678199400,296.34
1678285800,297.82
1678372200,292.66
1678458600,288.55
1678714200,290.69
1678800600,297.37
1678887000,298.93
1678973400,306.81
1679059800,305.36
1679319000,305.97
1679405400,310.34
1679491800,306.12
1679578200,309.75
1679664600,310.89
1679923800,308.76
1680010200,307.12
1680096600,312.72
1680183000,315.68
1680269400,320.93
1680528600,320.15
1680615000,319.07
1680701400,315.92
1680787800,318.05
1681133400,317.87
1681219800,315.83
1681306200,313.04
1681392600,319.17
1681479000,318.57
1681738200,318.84
1681824600,318.86
1681911000,318.71
1681997400,316.28
1682083800,316.61
1682343000,315.95
1682429400,309.99
1682515800,311.87
1682602200,320.35
1682688600,322.56
1682947800,322.19
1683034200,319.38
1683120600,317.29
1683207000,316.17
1683293400,322.89
1683552600,323.69
1683639000,321.64
1683725400,325.14
1683811800,326.20
1683898200,325.03
1684157400,326.79
1684243800,327.16
1684330200,331.12
1684416600,337.27
1684503000,336.51
1684762200,337.64
1684848600,333.36
1684935000,331.65
1685021400,339.72
1685107800,348.40
1685453400,349.98
1685539800,347.99
1685626200,352.01
1685712600,354.65
1685971800,354.90
1686058200,354.84
1686144600,348.82
1686231000,353.15
1686317400,354.50
1686576600,360.49
1686663000,363.26
1686749400,365.90
1686835800,370.26
1686922200,367.93
1687267800,366.90
1687354200,361.90
1687440600,366.17
1687527000,362.54
1687786200,357.68
1687872600,363.83
1687959000,364.54
1688045400,363.81
1688131800,369.42
1688391000,370.29
1688563800,370.28
1688650200,367.46
1688736600,366.24
1688995800,366.36
1689082200,368.17
1689168600,372.82
1689255000,379.15
1689341400,379.07
1689600600,382.61
1689687000,385.74
1689773400,385.65
1689859800,376.76
1689946200,375.63
1690205400,376.23
1690291800,378.78
1690378200,377.52
1690464600,376.62
1690551000,383.48
1690810200,383.68
1690896600,382.79
1690983000,374.39
1691069400,373.79
1691155800,372.04
1691415000,375.19
1691501400,372.00
1691587800,367.91
1691674200,368.59
1691760600,366.24
1692019800,370.35
1692106200,366.42
1692192600,362.54
1692279000,358.58
1692365400,358.13
1692624600,363.90
1692711000,363.38
1692797400,369.11
1692883800,361.22
1692970200,364.02
1693229400,366.76
1693315800,374.77
1693402200,376.86
1693488600,377.99
1693575000,377.59
1693920600,378.07
1694007000,374.74
1694093400,372.06
1694179800,372.58
1694439000,376.97
1694525400,372.79
1694611800,374.21
1694698200,377.27
1694784600,370.81
1695043800,370.66
1695130200,369.87
1695216600,364.54
1695303000,357.86
1695389400,357.91
1695648600,359.61
1695735000,354.21
1695821400,355.04
1695907800,358.01
1695994200,358.27
1696253400,361.26
1696339800,354.92
1696426200,359.75
1696512600,358.69
1696599000,364.70
1696858200,366.56
1696944600,368.59
1697031000,371.22
1697117400,369.93
1697203800,365.28
1697463000,369.41
1697549400,368.20
1697635800,363.37
1697722200,359.97
1697808600,354.60
1698067800,355.67
1698154200,359.13
1698240600,350.34
1698327000,343.66
1698413400,345.31
1698672600,349.20
1698759000,350.87
1698845400,356.96
1698931800,363.44
1699018200,367.71
1699281000,369.21
1699367400,372.70
1699453800,372.94
1699540200,370.07
1699626600,378.39
1699885800,377.21
1699972200,385.33
1700058600,385.62
1700145000,385.95
1700231400,386.04
1700490600,390.74
1700577000,388.47
1700663400,390.06
1700836200,389.51
1701095400,389.17
1701181800,390.19
1701268200,389.81
1701354600,388.83
1701441000,389.94
1701700200,386.32
1701786600,387.29
1701873000,385.05
1701959400,390.43
1702045800,392.17
1702305000,395.52
1702391400,398.67
1702477800,403.74
1702564200,403.39
1702650600,405.34
1702909800,407.08
1702996200,409.16
1703082600,403.08
1703169000,407.77
1703255400,408.38
1703601000,410.88
1703687400,411.50
1703773800,411.30
1703860200,409.52
1704205800,402.59
1704292200,398.33
1704378600,396.28
1704465000,396.75
1704724200,404.95
1704810600,405.75
1704897000,408.50
1704983400,409.35
1705069800,409.56
1705415400,409.52
1705501800,407.21
1705588200,412.99
1705674600,421.18
1705933800,421.73
1706020200,423.48
1706106600,425.83
1706193000,426.35
1706279400,423.81
1706538600,428.15
1706625000,425.30
1706711400,416.97
1706797800,421.88
1706884200,429.01
1707143400,428.45
1707229800,427.59
1707316200,431.99
1707402600,432.79
1707489000,437.05
1707748200,435.34
1707834600,428.55
1707921000,433.22
1708007400,434.51
1708093800,430.57
1708439400,427.32
1708525800,425.61
1708612200,438.07
1708698600,436.78
1708957800,436.55
1709044200,437.60
1709130600,435.27
1709217000,439.00
1709303400,445.61
1709562600,444.02
1709649000,436.05
1709735400,438.79
1709821800,445.45
1709908200,439.02
1710163800,437.39
1710250200,443.66
1710336600,440.25
1710423000,439.14
1710509400,433.92
1710768600,437.48
1710855000,438.57
1710941400,443.77
1711027800,445.87
1711114200,446.38
1711373400,444.76
1711459800,443.32
1711546200,444.83
1711632600,444.01
1711978200,444.95
1712064600,441.11
1712151000,442.10
1712237400,435.34
1712323800,440.47
1712583000,440.60
1712669400,442.23
1712755800,438.37
1712842200,445.37
1712928600,438.27
1713187800,431.06
1713274200,431.10
1713360600,425.84
1713447000,423.41
1713533400,414.65
1713792600,418.82
1713879000,425.07
1713965400,426.51
1714051800,424.45
1714138200,431.00
1714397400,432.75
1714483800,424.59
1714570200,421.52
1714656600,426.90
1714743000,435.48
1715002200,440.25
1715088600,440.32
1715175000,440.06
1715261400,441.02
1715347800,442.06
1715607000,443.08
1715693400,445.93
1715779800,452.90
1715866200,451.98
1715952600,451.76
1716211800,454.91
1716298200,455.80
1716384600,455.71
1716471000,453.66
1716557400,457.95
1716903000,459.68
1716989400,456.44
1717075800,451.55
1717162200,450.71
1717421400,453.13
1717507800,454.37
1717594200,463.53
1717680600,463.37
1717767000,462.96
1718026200,464.83
1718112600,468.02
1718199000,474.15
1718285400,476.72
1718371800,479.19
1718631000,485.06
1718717400,485.21
1718890200,481.47
1718976600,480.18
1719235800,473.96
1719322200,479.38
1719408600,480.37
1719495000,481.61
1719581400,479.11
1719840600,481.92
1719927000,486.98
1720013400,491.04
1720186200,496.16
1720445400,497.34
1720531800,497.77
1720618200,502.96
1720704600,491.93
1720791000,494.82
1721050200,496.15
1721136600,496.34
1721223000,481.77
1721309400,479.49
1721395800,475.24
1721655000,482.32
1721741400,480.62
1721827800,463.38
1721914200,458.27
1722000600,462.97
1722259800,463.90
1722346200,457.53
1722432600,471.07
1722519000,459.66
1722605400,448.75
1722864600,435.37
1722951000,439.53
1723037400,434.77
1723123800,448.07
1723210200,450.41
1723469400,451.38
1723555800,462.58
1723642200,462.73
1723728600,474.42
1723815000,475.03
1724074200,481.27
1724160600,480.26
1724247000,482.50
1724333400,474.85
1724419800,480.00
1724679000,475.34
1724765400,476.76
1724851800,471.35
1724938200,470.66
1725024600,476.27
1725370200,461.81
1725456600,460.61
1725543000,461.04
1725629400,448.69
1725888600,454.46
1725975000,458.66
1726061400,468.62
1726147800,473.22
1726234200,475.34
1726493400,473.24
1726579800,473.49
1726666200,471.44
1726752600,483.36
1726839000,482.44
1727098200,483.04
1727184600,485.37
1727271000,485.82
1727357400,489.47
1727443800,486.75
1727703000,488.07
1727789400,481.27
1727875800,481.95
1727962200,481.59
1728048600,487.32
1728307800,482.10
1728394200,489.30
1728480600,493.15
1728567000,492.59
1728653400,493.36
1728912600,497.50
1728999000,490.85
1729085400,490.91
1729171800,491.25
1729258200,494.47
1729517400,495.42
1729603800,495.96
1729690200,488.36
1729776600,492.32
1729863000,495.32
1730122200,495.40
1730208600,500.16
1730295000,496.38
1730381400,483.85
1730467800,487.43
1730730600,486.01
1730817000,492.21
1730903400,505.58
1730989800,513.54
1731076200,514.14
1731335400,513.84
1731421800,512.91
1731508200,512.25
1731594600,508.69
1731681000,496.57
1731940200,500.02
1732026600,503.46
1732113000,503.17
1732199400,504.98
1732285800,505.79
1732545000,506.59
1732631400,509.31
1732717800,505.30
1732890600,509.74
1733149800,515.29
1733236200,516.87
1733322600,523.26
1733409000,521.81
1733495400,526.48
1733754600,522.38
1733841000,520.60
1733927400,529.92
1734013800,526.50
1734100200,530.53
1734359400,538.17
1734445800,535.80
1734532200,516.47
1734618600,514.17
1734705000,518.66
1734964200,522.87
1735050600,529.96
1735223400,529.60
1735309800,522.56
1735569000,515.61
1735655400,511.23
